﻿<?xml version="1.0" encoding="utf-8"?>
<c:catalog xmlns:c="urn:oasis:names:tc:entity:xmlns:xml:catalog">
  <c:uri name="urn:fra:nc1:common:attribute" uri="Commun/Common.xsd" />
  <c:uri name="urn:fra:nc1:common:cbrn" uri="Commun/Cbrn.xsd" />
  <c:uri name="urn:fra:nc1:common:communication" uri="Commun/Communication.xsd" />
  <c:uri name="urn:fra:nc1:common:ew" uri="Commun/Ew.xsd" />
  <c:uri name="urn:fra:nc1:common:health" uri="Commun/Health.xsd" />
  <c:uri name="urn:fra:nc1:common:location" uri="Commun/Location.xsd" />
  <c:uri name="urn:fra:nc1:common:logistics" uri="Commun/Logistics.xsd" />
  <c:uri name="urn:fra:nc1:common:message" uri="Commun/Message.xsd" />
  <c:uri name="urn:fra:nc1:common:object" uri="Commun/Object.xsd" />
  <c:uri name="urn:fra:nc1:common:sicsdicos" uri="Commun/SICS_Dictionaries.xsd" />
  <c:uri name="urn:fra:nc1:message:admitexitrep" uri="Message/NC1_AdmitExitRep.xsd" />
  <c:uri name="urn:fra:nc1:message:annultirinterdit" uri="Message/NC1_AnnulerTirInterdit.xsd" />
  <c:uri name="urn:fra:nc1:message:apercu" uri="Message/NC1_Apercu.xsd" />
  <c:uri name="urn:fra:nc1:message:apercu3d" uri="Message/NC1_Apercu3D.xsd" />
  <c:uri name="urn:fra:nc1:message:barrep" uri="Message/NC1_BARREP.xsd" />
  <c:uri name="urn:fra:nc1:message:barreq" uri="Message/NC1_BarReq.xsd" />
  <c:uri name="urn:fra:nc1:message:batrecevacreq" uri="Message/NC1_BATRECEVACREQ.xsd" />
  <c:uri name="urn:fra:nc1:message:bda" uri="Message/NC1_BDA.xsd" />
  <c:uri name="urn:fra:nc1:message:bft" uri="Message/NC1_BFT.xsd" />
  <c:uri name="urn:fra:nc1:message:boap" uri="Message/NC1_BOAP.xsd" />
  <c:uri name="urn:fra:nc1:message:callforfire" uri="Message/NC1_CallForFire.xsd" />
  <c:uri name="urn:fra:nc1:message:cbrn1bio" uri="Message/NC1_CBRN-1-BIO.xsd" />
  <c:uri name="urn:fra:nc1:message:cbrn1chem" uri="Message/NC1_CBRN-1-CHEM.xsd" />
  <c:uri name="urn:fra:nc1:message:cbrn3bio" uri="Message/NC1_CBRN-3-BIO.xsd" />
  <c:uri name="urn:fra:nc1:message:cbrn3chem" uri="Message/NC1_CBRN-3-CHEM.xsd" />
  <c:uri name="urn:fra:nc1:message:cbrn4bio" uri="Message/NC1_CBRN-4-BIO.xsd" />
  <c:uri name="urn:fra:nc1:message:cbrn4chem" uri="Message/NC1_CBRN-4-CHEM.xsd" />
  <c:uri name="urn:fra:nc1:message:cbrn5bio" uri="Message/NC1_CBRN-5-BIO.xsd" />
  <c:uri name="urn:fra:nc1:message:cbrn5chem" uri="Message/NC1_CBRN-5-CHEM.xsd" />
  <c:uri name="urn:fra:nc1:message:cbrncdr" uri="Message/NC1_CBRN-CDR.xsd" />
  <c:uri name="urn:fra:nc1:message:cbrnsitrep" uri="Message/NC1_CBRN-SITREP.xsd" />
  <c:uri name="urn:fra:nc1:message:ccacard" uri="Message/NC1_CCA-CARD.xsd" />
  <c:uri name="urn:fra:nc1:message:conarep" uri="Message/NC1_ConARep.xsd" />
  <c:uri name="urn:fra:nc1:message:conops" uri="Message/NC1_ConOps.xsd" />
  <c:uri name="urn:fra:nc1:message:creationitsats" uri="Message/NC1_CreationItsAts.xsd" />
  <c:uri name="urn:fra:nc1:message:demalord" uri="Message/NC1_DemaLOrd.xsd" />
  <c:uri name="urn:fra:nc1:message:deployrep" uri="Message/NC1_DEPLOYREP.xsd" />
  <c:uri name="urn:fra:nc1:message:engrecceord" uri="Message/NC1_ENGRECCEORD.xsd" />
  <c:uri name="urn:fra:nc1:message:engreccerep" uri="Message/NC1_ENGRECCEREP.xsd" />
  <c:uri name="urn:fra:nc1:message:ensitrep" uri="Message/NC1_ENSITREP.xsd" />
  <c:uri name="urn:fra:nc1:message:eoincrep" uri="Message/NC1_EOINCREP.xsd" />
  <c:uri name="urn:fra:nc1:message:eventrep" uri="Message/NC1_EVENTREP.xsd" />
  <c:uri name="urn:fra:nc1:message:ewmsnsum" uri="Message/NC1_EWMSNSUM.xsd" />
  <c:uri name="urn:fra:nc1:message:ewrtm" uri="Message/NC1_EWRTM.xsd" />
  <c:uri name="urn:fra:nc1:message:finalerteraideni" uri="Message/NC1_FinAlerteRaidEni.xsd" />
  <c:uri name="urn:fra:nc1:message:firecontrol" uri="Message/NC1_FireControl.xsd" />
  <c:uri name="urn:fra:nc1:message:firereport" uri="Message/NC1_FireReport.xsd" />
  <c:uri name="urn:fra:nc1:message:helopsum" uri="Message/NC1_HELOPSUM.xsd" />
  <c:uri name="urn:fra:nc1:message:igen" uri="Message/NC1_IGen.xsd" />
  <c:uri name="urn:fra:nc1:message:initmedrep" uri="Message/NC1_InitMedRep.xsd" />
  <c:uri name="urn:fra:nc1:message:initodb" uri="Message/NC1_InitOdb.xsd" />
  <c:uri name="urn:fra:nc1:message:intrep" uri="Message/NC1_INTREP.xsd" />
  <c:uri name="urn:fra:nc1:message:intreq" uri="Message/NC1_INTREQ.xsd" />
  <c:uri name="urn:fra:nc1:message:intsum" uri="Message/NC1_INTSUM.xsd" />
  <c:uri name="urn:fra:nc1:message:ler" uri="Message/NC1_ListeEquipementsRessources.xsd" />
  <c:uri name="urn:fra:nc1:message:matdem" uri="Message/NC1_MatDem.xsd" />
  <c:uri name="urn:fra:nc1:message:medevac" uri="Message/NC1_MEDEVAC-NINE-LINE.xsd" />
  <c:uri name="urn:fra:nc1:message:medsitrep" uri="Message/NC1_MedSitRep.xsd" />
  <c:uri name="urn:fra:nc1:message:messagelibre" uri="Message/NC1_MessageLibre.xsd" />
  <c:uri name="urn:fra:nc1:message:movorder" uri="Message/NC1_MovOrder.xsd" />
  <c:uri name="urn:fra:nc1:message:objectivelist" uri="Message/NC1_ObjectiveList.xsd" />
  <c:uri name="urn:fra:nc1:message:obsexord" uri="Message/NC1_OBSEXORD.xsd" />
  <c:uri name="urn:fra:nc1:message:opord" uri="Message/NC1_OPORD.xsd" />
  <c:uri name="urn:fra:nc1:message:opordain" uri="Message/NC1_OPORD-AIN.xsd" />
  <c:uri name="urn:fra:nc1:message:opordalat" uri="Message/NC1_OPORD-ALAT.xsd" />
  <c:uri name="urn:fra:nc1:message:opordge" uri="Message/NC1_OPORD-GE.xsd" />
  <c:uri name="urn:fra:nc1:message:opordgen" uri="Message/NC1_OPORD-GEN.xsd" />
  <c:uri name="urn:fra:nc1:message:opordlog" uri="Message/NC1_OPORD-LOG.xsd" />
  <c:uri name="urn:fra:nc1:message:opordmvt" uri="Message/NC1_OPORD-MVT.xsd" />
  <c:uri name="urn:fra:nc1:message:opordopsec" uri="Message/NC1_OPORD-OPSEC.xsd" />
  <c:uri name="urn:fra:nc1:message:opordrens" uri="Message/NC1_OPORD-RENS.xsd" />
  <c:uri name="urn:fra:nc1:message:opordroe" uri="Message/NC1_OPORD-ROE.xsd" />
  <c:uri name="urn:fra:nc1:message:opordsic" uri="Message/NC1_OPORD-SIC.xsd" />
  <c:uri name="urn:fra:nc1:message:ownsitrep" uri="Message/NC1_OWNSITREP.xsd" />
  <c:uri name="urn:fra:nc1:message:pema" uri="Message/NC1_PEMA.xsd" />
  <c:uri name="urn:fra:nc1:message:plandevol" uri="Message/NC1_PlanDeVol.xsd" />
  <c:uri name="urn:fra:nc1:message:propplanobstacles" uri="Message/NC1_PropositionPlanObstacles.xsd" />
  <c:uri name="urn:fra:nc1:message:prr" uri="Message/NC1_PRR.xsd" />
  <c:uri name="urn:fra:nc1:message:request" uri="Message/NC1_Request.xsd" />
  <c:uri name="urn:fra:nc1:message:sitobst" uri="Message/NC1_SitObst.xsd" />
  <c:uri name="urn:fra:nc1:message:stacmconduite" uri="Message/NC1_StAcmConduite.xsd" />
  <c:uri name="urn:fra:nc1:message:str" uri="Message/NC1_STR.xsd" />
  <c:uri name="urn:fra:nc1:message:suppressionitsats" uri="Message/NC1_SuppressionItsAts.xsd" />
  <c:uri name="urn:fra:nc1:message:tactoap" uri="Message/NC1_TactOAP.xsd" />
  <c:uri name="urn:fra:nc1:message:technoap" uri="Message/NC1_TechnOAP.xsd" />
  <c:uri name="urn:fra:nc1:message:tirinterdit" uri="Message/NC1_TirInterdit.xsd" />
  <c:uri name="urn:fra:nc1:objet:2dcoordinationmean" uri="Commun/2DCoordinationMean.xsd" />
  <c:uri name="urn:fra:nc1:objet:3droute" uri="Objet/NC1_3DRoute.xsd" />
  <c:uri name="urn:fra:nc1:objet:acm" uri="Objet/NC1_AcmWez.xsd" />
  <c:uri name="urn:fra:nc1:objet:airparticipant" uri="Objet/NC1_AirParticipant.xsd" />
  <c:uri name="urn:fra:nc1:objet:airtrack" uri="Objet/NC1_AirTrack.xsd" />
  <c:uri name="urn:fra:nc1:objet:cbrnevent" uri="Objet/NC1_CbrnEvent.xsd" />
  <c:uri name="urn:fra:nc1:objet:convoy" uri="Objet/NC1_Convoy.xsd" />
  <c:uri name="urn:fra:nc1:objet:event" uri="Objet/NC1_Event.xsd" />
  <c:uri name="urn:fra:nc1:objet:facility" uri="Objet/NC1_Facility.xsd" />
  <c:uri name="urn:fra:nc1:objet:fire" uri="Objet/NC1_Fire.xsd" />
  <c:uri name="urn:fra:nc1:objet:fireobjective" uri="Objet/NC1_FireObjective.xsd" />
  <c:uri name="urn:fra:nc1:objet:freeshape" uri="Objet/NC1_FreeShape.xsd" />
  <c:uri name="urn:fra:nc1:objet:groundentity" uri="Objet/NC1_GroundEntity.xsd" />
  <c:uri name="urn:fra:nc1:objet:groundparticipant" uri="Objet/NC1_GroundParticipant.xsd" />
  <c:uri name="urn:fra:nc1:objet:groundtrack" uri="Objet/NC1_GroundTrack.xsd" />
  <c:uri name="urn:fra:nc1:objet:iffprocedure" uri="Objet/NC1_IffProcedure.xsd" />
  <c:uri name="urn:fra:nc1:objet:individual" uri="Objet/NC1_Individual.xsd" />
  <c:uri name="urn:fra:nc1:objet:intelrequirement" uri="Objet/NC1_IntelRequirement.xsd" />
  <c:uri name="urn:fra:nc1:objet:meteo" uri="Objet/NC1_Meteo.xsd" />
  <c:uri name="urn:fra:nc1:objet:mission" uri="Objet/NC1_Mission.xsd" />
  <c:uri name="urn:fra:nc1:objet:missionASA" uri="Objet/NC1_MissionASA.xsd" />
  <c:uri name="urn:fra:nc1:objet:missionASS" uri="Objet/NC1_MissionASS.xsd" />
  <c:uri name="urn:fra:nc1:objet:obstacle" uri="Objet/NC1_Obstacle.xsd" />
  <c:uri name="urn:fra:nc1:objet:organisation" uri="Objet/NC1_Organisation.xsd" />
  <c:uri name="urn:fra:nc1:objet:participant" uri="Commun/Participant.xsd" />
  <c:uri name="urn:fra:nc1:objet:reinforcement" uri="Objet/NC1_Reinforcement.xsd" />
  <c:uri name="urn:fra:nc1:objet:roe" uri="Objet/NC1_Roe.xsd" />
  <c:uri name="urn:fra:nc1:objet:route" uri="Objet/NC1_Route.xsd" />
  <c:uri name="urn:fra:nc1:objet:seaparticipant" uri="Objet/NC1_SeaParticipant.xsd" />
  <c:uri name="urn:fra:nc1:objet:seatrack" uri="Objet/NC1_SeaTrack.xsd" />
  <c:uri name="urn:fra:nc1:objet:tacarea" uri="Objet/NC1_TacArea.xsd" />
  <c:uri name="urn:fra:nc1:objet:tacline" uri="Objet/NC1_TacLine.xsd" />
  <c:uri name="urn:fra:nc1:objet:tacpoint" uri="Objet/NC1_TacPoint.xsd" />
  <c:uri name="urn:fra:nc1:objet:track" uri="Commun/Track.xsd" />
  <c:uri name="urn:fra:nc1:objet:unit" uri="Objet/NC1_Unit.xsd" />
  <c:uri name="urn:fra:nc1:service:reqinfo" uri="Message_Service/NC1_TechReqInfo.xsd" />
  <c:uri name="urn:fra:nc1:service:stcupdate" uri="Message_Service/NC1_TechStcUpdate.xsd" />
</c:catalog>